version: "2.0"

nlu:
- intent: greet
  examples: |
    - Здравствуйте
    - Здравствуй
    - Добрый день
    - Привет
    - ку
    - приветик
    - приветики
    - здорово
    - мое почтение
    - доброго времени суток
    - категорически приветствую
    - здравия желаю
    - Доброе утро
    - добрый день
    - добрый вечер
    - здарова

- intent: goodbye
  examples: |
    - Пока
    - До свидания
    - Увидимся
    - До скорой встречи
    - Буду ждать новой встречи
    - Буду ждать с нетерпением
    - аривидерчи
    - Всего доброго
    - всего хорошего
    - прощайте
    - покедова
    - прощай
    - досвидос
    - гудбай
    - ауфидерзейн

- intent: affirm
  examples: |
    - да
    - конечно
    - звучит неплохо
    - верно
    - ок
    - ok
    - ну да
    - хорошо
    - согласна
    - крутая идея
    - так точно

- intent: deny
  examples: |
    - нет
    - никогда
    - я так не думаю
    - ни за что
    - ни в коем случае
    - неа
    - никак нет
    - не-а
    - нету
    - я не хочу
    - нет, спасибо
    - я так недумаю

- intent: mood_great
  examples: |
    - идеально
    - очень хорошо
    - Отлично
    - удивительный
    - чудесно
    - чувствую себя очень хорошо
    - Я замечательно
    - У меня все в порядке

- intent: mood_unhappy
  examples: |
    - печальный
    - очень грустный
    - недоволен
    - плохой
    - очень плохо
    - ужасно
    - ужас
    - не очень хорошо
    - очень грустно
    - я несчастен
    - все плохо

- intent: bot_challenge
  examples: |
    - ты бот?
    - ты робот?
    - ты человек?
    - я разговариваю с ботом?
    - я разговариваю с роботом?
    - я разговариваю с человеком?

- intent: react_positive
  examples: |
    - круто
    - лол
    - ха
    - ха-ха
    - смешно
    - хаха
    - хахаха
    - ты ничего не знаешь
    - тупой бот
    - позови человека
    - ты мне не можешь помочь
    - это мне не помогло
    - не то

- intent: documents_to_country
  examples: |
    - Какие документы нужды чтобы попасть в [Италию](country)
    - Что надо чтобы посетить [Францию](country)
    - Нужна ли виза в [Финляндию](country)
    - Документы в [Абхазия](country)
    - Документы в [Австралия](country)
    - Документы в [Австрия](country)
    - Документы в [Азербайджан](country)
    - Документы в [Албания](country)
    - Документы в [Алжир](country)
    - Документы в [Американское Самоа](country)
    - Документы в [Ангилья](country)
    - Документы в [Ангола](country)
    - Документы в [Андорра](country)
    - Документы в [Антарктида](country)
    - Документы в [Антигуа и Барбуда](country)
    - Документы в [Аргентина](country)
    - Документы в [Армения](country)
    - Документы в [Аруба](country)
    - Документы в [Афганистан](country)
    - Документы в [Багамы](country)
    - Документы в [Бангладеш](country)
    - Документы в [Барбадос](country)
    - Документы в [Бахрейн](country)
    - Документы в [Беларусь](country)
    - Документы в [Белиз](country)
    - Документы в [Бельгия](country)
    - Документы в [Бенин](country)
    - Документы в [Бермуды](country)
    - Документы в [Болгария](country)
    - Документы в [Боливия, Многонациональное Государство](country)
    - Документы в [Бонайре, Саба и Синт-Эстатиус](country)
    - Документы в [Босния и Герцеговина](country)
    - Документы в [Ботсвана](country)
    - Документы в [Бразилия](country)
    - Документы в [Британская территория в Индийском океане](country)
    - Документы в [Бруней-Даруссалам](country)
    - Документы в [Буркина-Фасо](country)
    - Документы в [Бурунди](country)
    - Документы в [Бутан](country)
    - Документы в [Вануату](country)
    - Документы в [Венгрия](country)
    - Документы в [Венесуэла Боливарианская Республика](country)
    - Документы в [Виргинские острова, Британские](country)
    - Документы в [Виргинские острова, США](country)
    - Документы в [Вьетнам](country)
    - Документы в [Габон](country)
    - Документы в [Гаити](country)
    - Документы в [Гайана](country)
    - Документы в [Гамбия](country)
    - Документы в [Гана](country)
    - Документы в [Гваделупа](country)
    - Документы в [Гватемала](country)
    - Документы в [Гвинея](country)
    - Документы в [Гвинея-Бисау](country)
    - Документы в [Германия](country)
    - Документы в [Гернси](country)
    - Документы в [Гибралтар](country)
    - Документы в [Гондурас](country)
    - Документы в [Гонконг](country)
    - Документы в [Гренада](country)
    - Документы в [Гренландия](country)
    - Документы в [Греция](country)
    - Документы в [Грузия](country)
    - Документы в [Гуам](country)
    - Документы в [Дания](country)
    - Документы в [Джерси](country)
    - Документы в [Джибути](country)
    - Документы в [Доминика](country)
    - Документы в [Доминиканская Республика](country)
    - Документы в [Египет](country)
    - Документы в [Замбия](country)
    - Документы в [Западная Сахара](country)
    - Документы в [Зимбабве](country)
    - Документы в [Израиль](country)
    - Документы в [Индия](country)
    - Документы в [Индонезия](country)
    - Документы в [Иордания](country)
    - Документы в [Ирак](country)
    - Документы в [Иран, Исламская Республика](country)
    - Документы в [Ирландия](country)
    - Документы в [Исландия](country)
    - Документы в [Испания](country)
    - Документы в [Италия](country)
    - Документы в [Йемен](country)
    - Документы в [Кабо-Верде](country)
    - Документы в [Казахстан](country)
    - Документы в [Камбоджа](country)
    - Документы в [Камерун](country)
    - Документы в [Канада](country)
    - Документы в [Катар](country)
    - Документы в [Кения](country)
    - Документы в [Кипр](country)
    - Документы в [Киргизия](country)
    - Документы в [Кирибати](country)
    - Документы в [Китай](country)
    - Документы в [Кокосовые (Килинг) острова](country)
    - Документы в [Колумбия](country)
    - Документы в [Коморы](country)
    - Документы в [Конго](country)
    - Документы в [Конго, Демократическая Республика](country)
    - Документы в [Корея, Народно-Демократическая Республика](country)
    - Документы в [Корея, Республика](country)
    - Документы в [Коста-Рика](country)
    - Документы в [Кот д'Ивуар](country)
    - Документы в [Куба](country)
    - Документы в [Кувейт](country)
    - Документы в [Кюрасао](country)
    - Документы в [Лаос](country)
    - Документы в [Латвия](country)
    - Документы в [Лесото](country)
    - Документы в [Ливан](country)
    - Документы в [Ливийская Арабская Джамахирия](country)
    - Документы в [Либерия](country)
    - Документы в [Лихтенштейн](country)
    - Документы в [Литва](country)
    - Документы в [Люксембург](country)
    - Документы в [Маврикий](country)
    - Документы в [Мавритания](country)
    - Документы в [Мадагаскар](country)
    - Документы в [Майотта](country)
    - Документы в [Макао](country)
    - Документы в [Малави](country)
    - Документы в [Малайзия](country)
    - Документы в [Мали](country)
    - Документы в [Малые Тихоокеанские отдаленные острова Соединенных Штатов](country)
    - Документы в [Мальдивы](country)
    - Документы в [Мальта](country)
    - Документы в [Марокко](country)
    - Документы в [Мартиника](country)
    - Документы в [Маршалловы острова](country)
    - Документы в [Мексика](country)
    - Документы в [Микронезия, Федеративные Штаты](country)
    - Документы в [Мозамбик](country)
    - Документы в [Молдова, Республика](country)
    - Документы в [Монако](country)
    - Документы в [Монголия](country)
    - Документы в [Монтсеррат](country)
    - Документы в [Мьянма](country)
    - Документы в [Намибия](country)
    - Документы в [Науру](country)
    - Документы в [Непал](country)
    - Документы в [Нигер](country)
    - Документы в [Нигерия](country)
    - Документы в [Нидерланды](country)
    - Документы в [Никарагуа](country)
    - Документы в [Ниуэ](country)
    - Документы в [Новая Зеландия](country)
    - Документы в [Новая Каледония](country)
    - Документы в [Норвегия](country)
    - Документы в [Объединенные Арабские Эмираты](country)
    - Документы в [Оман](country)
    - Документы в [Остров Буве](country)
    - Документы в [Остров Мэн](country)
    - Документы в [Остров Норфолк](country)
    - Документы в [Остров Рождества](country)
    - Документы в [Остров Херд и острова Макдональд](country)
    - Документы в [Острова Кайман](country)
    - Документы в [Острова Кука](country)
    - Документы в [Острова Теркс и Кайкос](country)
    - Документы в [Пакистан](country)
    - Документы в [Палау](country)
    - Документы в [Палестинская территория, оккупированная](country)
    - Документы в [Панама](country)
    - Документы в [Папский Престол](country)
    - Документы в [Папуа-Новая Гвинея](country)
    - Документы в [Парагвай](country)
    - Документы в [Перу](country)
    - Документы в [Питкерн](country)
    - Документы в [Польша](country)
    - Документы в [Португалия](country)
    - Документы в [Пуэрто-Рико](country)
    - Документы в [Республика Македония](country)
    - Документы в [Реюньон](country)
    - Документы в [Россия](country)
    - Документы в [Руанда](country)
    - Документы в [Румыния](country)
    - Документы в [Самоа](country)
    - Документы в [Сан-Марино](country)
    - Документы в [Сан-Томе и Принсипи](country)
    - Документы в [Саудовская Аравия](country)
    - Документы в [Свазиленд](country)
    - Документы в [Святая Елена, Остров вознесения, Тристан-да-Кунья](country)
    - Документы в [Северные Марианские острова](country)
    - Документы в [Сен-Бартельми](country)
    - Документы в [Сен-Мартен](country)
    - Документы в [Сенегал](country)
    - Документы в [Сент-Винсент и Гренадины](country)
    - Документы в [Сент-Китс и Невис](country)
    - Документы в [Сент-Люсия](country)
    - Документы в [Сент-Пьер и Микелон](country)
    - Документы в [Сербия](country)
    - Документы в [Сейшелы](country)
    - Документы в [Сингапур](country)
    - Документы в [Синт-Мартен](country)
    - Документы в [Сирийская Арабская Республика](country)
    - Документы в [Словакия](country)
    - Документы в [Словения](country)
    - Документы в [Соединенное Королевство](country)
    - Документы в [Соединенные Штаты](country)
    - Документы в [Соломоновы острова](country)
    - Документы в [Сомали](country)
    - Документы в [Судан](country)
    - Документы в [Суринам](country)
    - Документы в [Сьерра-Леоне](country)
    - Документы в [Таджикистан](country)
    - Документы в [Таиланд](country)
    - Документы в [Тайвань](country)
    - Документы в [Танзания, Объединенная Республика](country)
    - Документы в [Тимор-Лесте](country)
    - Документы в [Того](country)
    - Документы в [Токелау](country)
    - Документы в [Тонга](country)
    - Документы в [Тринидад и Тобаго](country)
    - Документы в [Тувалу](country)
    - Документы в [Тунис](country)
    - Документы в [Туркмения](country)
    - Документы в [Турция](country)
    - Документы в [Уганда](country)
    - Документы в [Узбекистан](country)
    - Документы в [Украина](country)
    - Документы в [Уоллис и Футуна](country)
    - Документы в [Уругвай](country)
    - Документы в [Фарерские острова](country)
    - Документы в [Фиджи](country)
    - Документы в [Филиппины](country)
    - Документы в [Финляндия](country)
    - Документы в [Фолклендские острова (Мальвинские)](country)
    - Документы в [Франция](country)
    - Документы в [Французская Гвиана](country)
    - Документы в [Французская Полинезия](country)
    - Документы в [Французские Южные территории](country)
    - Документы в [Хорватия](country)
    - Документы в [Центрально-Африканская Республика](country)
    - Документы в [Чад](country)
    - Документы в [Черногория](country)
    - Документы в [Чешская Республика](country)
    - Документы в [Чили](country)
    - Документы в [Швейцария](country)
    - Документы в [Швеция](country)
    - Документы в [Шпицберген и Ян Майен](country)
    - Документы в [Шри-Ланка](country)
    - Документы в [Эквадор](country)
    - Документы в [Экваториальная Гвинея](country)
    - Документы в [Эландские острова](country)
    - Документы в [Эль-Сальвадор](country)
    - Документы в [Эритрея](country)
    - Документы в [Эстония](country)
    - Документы в [Эфиопия](country)
    - Документы в [Южная Африка](country)
    - Документы в [Южная Джорджия и Южные Сандвичевы острова](country)
    - Документы в [Южная Осетия](country)
    - Документы в [Южный Судан](country)
    - Документы в [Ямайка](country)
    - Документы в [Япония](country)

- intent: is_shengen_zone
  examples: |
    - [Армения](country) в шенгенской зоне?
    - [Венгрия](country) входит в шенгенскую зону
    - [Абхазия](country) входит в шенгенскую зону
    - [Австралия](country) входит в шенгенскую зону
    - [Австрия](country) входит в шенгенскую зону
    - [Азербайджан](country) входит в шенгенскую зону
    - [Албания](country) входит в шенгенскую зону
    - [Алжир](country) входит в шенгенскую зону
    - [Американское Самоа](country) входит в шенгенскую зону
    - [Ангилья](country) входит в шенгенскую зону
    - [Ангола](country) входит в шенгенскую зону
    - [Андорра](country) входит в шенгенскую зону
    - [Антарктида](country) входит в шенгенскую зону
    - [Антигуа и Барбуда](country) входит в шенгенскую зону
    - [Аргентина](country) входит в шенгенскую зону
    - [Армения](country) входит в шенгенскую зону
    - [Аруба](country) входит в шенгенскую зону
    - [Афганистан](country) входит в шенгенскую зону
    - [Багамы](country) входит в шенгенскую зону
    - [Бангладеш](country) входит в шенгенскую зону
    - [Барбадос](country) входит в шенгенскую зону
    - [Бахрейн](country) входит в шенгенскую зону
    - [Беларусь](country) входит в шенгенскую зону
    - [Белиз](country) входит в шенгенскую зону
    - [Бельгия](country) входит в шенгенскую зону
    - [Бенин](country) входит в шенгенскую зону
    - [Бермуды](country) входит в шенгенскую зону
    - [Болгария](country) входит в шенгенскую зону
    - [Боливия, Многонациональное Государство](country) входит в шенгенскую зону
    - [Бонайре, Саба и Синт-Эстатиус](country) входит в шенгенскую зону
    - [Босния и Герцеговина](country) входит в шенгенскую зону
    - [Ботсвана](country) входит в шенгенскую зону
    - [Бразилия](country) входит в шенгенскую зону
    - [Британская территория в Индийском океане](country) входит в шенгенскую зону
    - [Бруней-Даруссалам](country) входит в шенгенскую зону
    - [Буркина-Фасо](country) входит в шенгенскую зону
    - [Бурунди](country) входит в шенгенскую зону
    - [Бутан](country) входит в шенгенскую зону
    - [Вануату](country) входит в шенгенскую зону
    - [Венгрия](country) входит в шенгенскую зону
    - [Венесуэла Боливарианская Республика](country) входит в шенгенскую зону
    - [Виргинские острова, Британские](country) входит в шенгенскую зону
    - [Виргинские острова, США](country) входит в шенгенскую зону
    - [Вьетнам](country) входит в шенгенскую зону
    - [Габон](country) входит в шенгенскую зону
    - [Гаити](country) входит в шенгенскую зону
    - [Гайана](country) входит в шенгенскую зону
    - [Гамбия](country) входит в шенгенскую зону
    - [Гана](country) входит в шенгенскую зону
    - [Гваделупа](country) входит в шенгенскую зону
    - [Гватемала](country) входит в шенгенскую зону
    - [Гвинея](country) входит в шенгенскую зону
    - [Гвинея-Бисау](country) входит в шенгенскую зону
    - [Германия](country) входит в шенгенскую зону
    - [Гернси](country) входит в шенгенскую зону
    - [Гибралтар](country) входит в шенгенскую зону
    - [Гондурас](country) входит в шенгенскую зону
    - [Гонконг](country) входит в шенгенскую зону
    - [Гренада](country) входит в шенгенскую зону
    - [Гренландия](country) входит в шенгенскую зону
    - [Греция](country) входит в шенгенскую зону
    - [Грузия](country) входит в шенгенскую зону
    - [Гуам](country) входит в шенгенскую зону
    - [Дания](country) входит в шенгенскую зону
    - [Джерси](country) входит в шенгенскую зону
    - [Джибути](country) входит в шенгенскую зону
    - [Доминика](country) входит в шенгенскую зону
    - [Доминиканская Республика](country) входит в шенгенскую зону
    - [Египет](country) входит в шенгенскую зону
    - [Замбия](country) входит в шенгенскую зону
    - [Западная Сахара](country) входит в шенгенскую зону
    - [Зимбабве](country) входит в шенгенскую зону
    - [Израиль](country) входит в шенгенскую зону
    - [Индия](country) входит в шенгенскую зону
    - [Индонезия](country) входит в шенгенскую зону
    - [Иордания](country) входит в шенгенскую зону
    - [Ирак](country) входит в шенгенскую зону
    - [Иран, Исламская Республика](country) входит в шенгенскую зону
    - [Ирландия](country) входит в шенгенскую зону
    - [Исландия](country) входит в шенгенскую зону
    - [Испания](country) входит в шенгенскую зону
    - [Италия](country) входит в шенгенскую зону
    - [Йемен](country) входит в шенгенскую зону
    - [Кабо-Верде](country) входит в шенгенскую зону
    - [Казахстан](country) входит в шенгенскую зону
    - [Камбоджа](country) входит в шенгенскую зону
    - [Камерун](country) входит в шенгенскую зону
    - [Канада](country) входит в шенгенскую зону
    - [Катар](country) входит в шенгенскую зону
    - [Кения](country) входит в шенгенскую зону
    - [Кипр](country) входит в шенгенскую зону
    - [Киргизия](country) входит в шенгенскую зону
    - [Кирибати](country) входит в шенгенскую зону
    - [Китай](country) входит в шенгенскую зону
    - [Кокосовые (Килинг) острова](country) входит в шенгенскую зону
    - [Колумбия](country) входит в шенгенскую зону
    - [Коморы](country) входит в шенгенскую зону
    - [Конго](country) входит в шенгенскую зону
    - [Конго, Демократическая Республика](country) входит в шенгенскую зону
    - [Корея, Народно-Демократическая Республика](country) входит в шенгенскую зону
    - [Корея, Республика](country) входит в шенгенскую зону
    - [Коста-Рика](country) входит в шенгенскую зону
    - [Кот д'Ивуар](country) входит в шенгенскую зону
    - [Куба](country) входит в шенгенскую зону
    - [Кувейт](country) входит в шенгенскую зону
    - [Кюрасао](country) входит в шенгенскую зону
    - [Лаос](country) входит в шенгенскую зону
    - [Латвия](country) входит в шенгенскую зону
    - [Лесото](country) входит в шенгенскую зону
    - [Ливан](country) входит в шенгенскую зону
    - [Ливийская Арабская Джамахирия](country) входит в шенгенскую зону
    - [Либерия](country) входит в шенгенскую зону
    - [Лихтенштейн](country) входит в шенгенскую зону
    - [Литва](country) входит в шенгенскую зону
    - [Люксембург](country) входит в шенгенскую зону
    - [Маврикий](country) входит в шенгенскую зону
    - [Мавритания](country) входит в шенгенскую зону
    - [Мадагаскар](country) входит в шенгенскую зону
    - [Майотта](country) входит в шенгенскую зону
    - [Макао](country) входит в шенгенскую зону
    - [Малави](country) входит в шенгенскую зону
    - [Малайзия](country) входит в шенгенскую зону
    - [Мали](country) входит в шенгенскую зону
    - [Малые Тихоокеанские отдаленные острова Соединенных Штатов](country) входит в шенгенскую зону
    - [Мальдивы](country) входит в шенгенскую зону
    - [Мальта](country) входит в шенгенскую зону
    - [Марокко](country) входит в шенгенскую зону
    - [Мартиника](country) входит в шенгенскую зону
    - [Маршалловы острова](country) входит в шенгенскую зону
    - [Мексика](country) входит в шенгенскую зону
    - [Микронезия, Федеративные Штаты](country) входит в шенгенскую зону
    - [Мозамбик](country) входит в шенгенскую зону
    - [Молдова, Республика](country) входит в шенгенскую зону
    - [Монако](country) входит в шенгенскую зону
    - [Монголия](country) входит в шенгенскую зону
    - [Монтсеррат](country) входит в шенгенскую зону
    - [Мьянма](country) входит в шенгенскую зону
    - [Намибия](country) входит в шенгенскую зону
    - [Науру](country) входит в шенгенскую зону
    - [Непал](country) входит в шенгенскую зону
    - [Нигер](country) входит в шенгенскую зону
    - [Нигерия](country) входит в шенгенскую зону
    - [Нидерланды](country) входит в шенгенскую зону
    - [Никарагуа](country) входит в шенгенскую зону
    - [Ниуэ](country) входит в шенгенскую зону
    - [Новая Зеландия](country) входит в шенгенскую зону
    - [Новая Каледония](country) входит в шенгенскую зону
    - [Норвегия](country) входит в шенгенскую зону
    - [Объединенные Арабские Эмираты](country) входит в шенгенскую зону
    - [Оман](country) входит в шенгенскую зону
    - [Остров Буве](country) входит в шенгенскую зону
    - [Остров Мэн](country) входит в шенгенскую зону
    - [Остров Норфолк](country) входит в шенгенскую зону
    - [Остров Рождества](country) входит в шенгенскую зону
    - [Остров Херд и острова Макдональд](country) входит в шенгенскую зону
    - [Острова Кайман](country) входит в шенгенскую зону
    - [Острова Кука](country) входит в шенгенскую зону
    - [Острова Теркс и Кайкос](country) входит в шенгенскую зону
    - [Пакистан](country) входит в шенгенскую зону
    - [Палау](country) входит в шенгенскую зону
    - [Палестинская территория, оккупированная](country) входит в шенгенскую зону
    - [Панама](country) входит в шенгенскую зону
    - [Папский Престол)](country) входит в шенгенскую зону
    - [Папуа-Новая Гвинея](country) входит в шенгенскую зону
    - [Парагвай](country) входит в шенгенскую зону
    - [Перу](country) входит в шенгенскую зону
    - [Питкерн](country) входит в шенгенскую зону
    - [Польша](country) входит в шенгенскую зону
    - [Португалия](country) входит в шенгенскую зону
    - [Пуэрто-Рико](country) входит в шенгенскую зону
    - [Республика Македония](country) входит в шенгенскую зону
    - [Реюньон](country) входит в шенгенскую зону
    - [Россия](country) входит в шенгенскую зону
    - [Руанда](country) входит в шенгенскую зону
    - [Румыния](country) входит в шенгенскую зону
    - [Самоа](country) входит в шенгенскую зону
    - [Сан-Марино](country) входит в шенгенскую зону
    - [Сан-Томе и Принсипи](country) входит в шенгенскую зону
    - [Саудовская Аравия](country) входит в шенгенскую зону
    - [Свазиленд](country) входит в шенгенскую зону
    - [Святая Елена, Остров вознесения, Тристан-да-Кунья](country) входит в шенгенскую зону
    - [Северные Марианские острова](country) входит в шенгенскую зону
    - [Сен-Бартельми](country) входит в шенгенскую зону
    - [Сен-Мартен](country) входит в шенгенскую зону
    - [Сенегал](country) входит в шенгенскую зону
    - [Сент-Винсент и Гренадины](country) входит в шенгенскую зону
    - [Сент-Китс и Невис](country) входит в шенгенскую зону
    - [Сент-Люсия](country) входит в шенгенскую зону
    - [Сент-Пьер и Микелон](country) входит в шенгенскую зону
    - [Сербия](country) входит в шенгенскую зону
    - [Сейшелы](country) входит в шенгенскую зону
    - [Сингапур](country) входит в шенгенскую зону
    - [Синт-Мартен](country) входит в шенгенскую зону
    - [Сирийская Арабская Республика](country) входит в шенгенскую зону
    - [Словакия](country) входит в шенгенскую зону
    - [Словения](country) входит в шенгенскую зону
    - [Соединенное Королевство](country) входит в шенгенскую зону
    - [Соединенные Штаты](country) входит в шенгенскую зону
    - [Соломоновы острова](country) входит в шенгенскую зону
    - [Сомали](country) входит в шенгенскую зону
    - [Судан](country) входит в шенгенскую зону
    - [Суринам](country) входит в шенгенскую зону
    - [Сьерра-Леоне](country) входит в шенгенскую зону
    - [Таджикистан](country) входит в шенгенскую зону
    - [Таиланд](country) входит в шенгенскую зону
    - [Тайвань (Китай)](country) входит в шенгенскую зону
    - [Танзания, Объединенная Республика](country) входит в шенгенскую зону
    - [Тимор-Лесте](country) входит в шенгенскую зону
    - [Того](country) входит в шенгенскую зону
    - [Токелау](country) входит в шенгенскую зону
    - [Тонга](country) входит в шенгенскую зону
    - [Тринидад и Тобаго](country) входит в шенгенскую зону
    - [Тувалу](country) входит в шенгенскую зону
    - [Тунис](country) входит в шенгенскую зону
    - [Туркмения](country) входит в шенгенскую зону
    - [Турция](country) входит в шенгенскую зону
    - [Уганда](country) входит в шенгенскую зону
    - [Узбекистан](country) входит в шенгенскую зону
    - [Украина](country) входит в шенгенскую зону
    - [Уоллис и Футуна](country) входит в шенгенскую зону
    - [Уругвай](country) входит в шенгенскую зону
    - [Фарерские острова](country) входит в шенгенскую зону
    - [Фиджи](country) входит в шенгенскую зону
    - [Филиппины](country) входит в шенгенскую зону
    - [Финляндия](country) входит в шенгенскую зону
    - [Фолклендские острова (Мальвинские)](country) входит в шенгенскую зону
    - [Франция](country) входит в шенгенскую зону
    - [Французская Гвиана](country) входит в шенгенскую зону
    - [Французская Полинезия](country) входит в шенгенскую зону
    - [Французские Южные территории](country) входит в шенгенскую зону
    - [Хорватия](country) входит в шенгенскую зону
    - [Центрально-Африканская Республика](country) входит в шенгенскую зону
    - [Чад](country) входит в шенгенскую зону
    - [Черногория](country) входит в шенгенскую зону
    - [Чешская Республика](country) входит в шенгенскую зону
    - [Чили](country) входит в шенгенскую зону
    - [Швейцария](country) входит в шенгенскую зону
    - [Швеция](country) входит в шенгенскую зону
    - [Шпицберген и Ян Майен](country) входит в шенгенскую зону
    - [Шри-Ланка](country) входит в шенгенскую зону
    - [Эквадор](country) входит в шенгенскую зону
    - [Экваториальная Гвинея](country) входит в шенгенскую зону
    - [Эландские острова](country) входит в шенгенскую зону
    - [Эль-Сальвадор](country) входит в шенгенскую зону
    - [Эритрея](country) входит в шенгенскую зону
    - [Эстония](country) входит в шенгенскую зону
    - [Эфиопия](country) входит в шенгенскую зону
    - [Южная Африка](country) входит в шенгенскую зону
    - [Южная Джорджия и Южные Сандвичевы острова](country) входит в шенгенскую зону
    - [Южная Осетия](country) входит в шенгенскую зону
    - [Южный Судан](country) входит в шенгенскую зону
    - [Ямайка](country) входит в шенгенскую зону
    - [Япония](country) входит в шенгенскую зону

- intent: docs_request
  examples: |
    - Какие документы нужны в [Израиль](country)?
    - Какие документы нужны в [Алжир](country)
    - документы в [Азербайджан](country)
    - документы [Германия](country)
    - Какие документы нужны в [Абхазия](country)
    - Какие документы нужны в [Австралия](country)
    - Какие документы нужны в [Австрия](country)
    - Какие документы нужны в [Азербайджан](country)
    - Какие документы нужны в [Албания](country)
    - Какие документы нужны в [Алжир](country)
    - Какие документы нужны в [Американское Самоа](country)
    - Какие документы нужны в [Ангилья](country)
    - Какие документы нужны в [Ангола](country)
    - Какие документы нужны в [Андорра](country)
    - Какие документы нужны в [Антарктида](country)
    - Какие документы нужны в [Антигуа и Барбуда](country)
    - Какие документы нужны в [Аргентина](country)
    - Какие документы нужны в [Армения](country)
    - Какие документы нужны в [Аруба](country)
    - Какие документы нужны в [Афганистан](country)
    - Какие документы нужны в [Багамы](country)
    - Какие документы нужны в [Бангладеш](country)
    - Какие документы нужны в [Барбадос](country)
    - Какие документы нужны в [Бахрейн](country)
    - Какие документы нужны в [Беларусь](country)
    - Какие документы нужны в [Белиз](country)
    - Какие документы нужны в [Бельгия](country)
    - Какие документы нужны в [Бенин](country)
    - Какие документы нужны в [Бермуды](country)
    - Какие документы нужны в [Болгария](country)
    - Какие документы нужны в [Боливия, Многонациональное Государство](country)
    - Какие документы нужны в [Бонайре, Саба и Синт-Эстатиус](country)
    - Какие документы нужны в [Босния и Герцеговина](country)
    - Какие документы нужны в [Ботсвана](country)
    - Какие документы нужны в [Бразилия](country)
    - Какие документы нужны в [Британская территория в Индийском океане](country)
    - Какие документы нужны в [Бруней-Даруссалам](country)
    - Какие документы нужны в [Буркина-Фасо](country)
    - Какие документы нужны в [Бурунди](country)
    - Какие документы нужны в [Бутан](country)
    - Какие документы нужны в [Вануату](country)
    - Какие документы нужны в [Венгрия](country)
    - Какие документы нужны в [Венесуэла Боливарианская Республика](country)
    - Какие документы нужны в [Виргинские острова, Британские](country)
    - Какие документы нужны в [Виргинские острова, США](country)
    - Какие документы нужны в [Вьетнам](country)
    - Какие документы нужны в [Габон](country)
    - Какие документы нужны в [Гаити](country)
    - Какие документы нужны в [Гайана](country)
    - Какие документы нужны в [Гамбия](country)
    - Какие документы нужны в [Гана](country)
    - Какие документы нужны в [Гваделупа](country)
    - Какие документы нужны в [Гватемала](country)
    - Какие документы нужны в [Гвинея](country)
    - Какие документы нужны в [Гвинея-Бисау](country)
    - Какие документы нужны в [Германия](country)
    - Какие документы нужны в [Гернси](country)
    - Какие документы нужны в [Гибралтар](country)
    - Какие документы нужны в [Гондурас](country)
    - Какие документы нужны в [Гонконг](country)
    - Какие документы нужны в [Гренада](country)
    - Какие документы нужны в [Гренландия](country)
    - Какие документы нужны в [Греция](country)
    - Какие документы нужны в [Грузия](country)
    - Какие документы нужны в [Гуам](country)
    - Какие документы нужны в [Дания](country)
    - Какие документы нужны в [Джерси](country)
    - Какие документы нужны в [Джибути](country)
    - Какие документы нужны в [Доминика](country)
    - Какие документы нужны в [Доминиканская Республика](country)
    - Какие документы нужны в [Египет](country)
    - Какие документы нужны в [Замбия](country)
    - Какие документы нужны в [Западная Сахара](country)
    - Какие документы нужны в [Зимбабве](country)
    - Какие документы нужны в [Израиль](country)
    - Какие документы нужны в [Индия](country)
    - Какие документы нужны в [Индонезия](country)
    - Какие документы нужны в [Иордания](country)
    - Какие документы нужны в [Ирак](country)
    - Какие документы нужны в [Иран, Исламская Республика](country)
    - Какие документы нужны в [Ирландия](country)
    - Какие документы нужны в [Исландия](country)
    - Какие документы нужны в [Испания](country)
    - Какие документы нужны в [Италия](country)
    - Какие документы нужны в [Йемен](country)
    - Какие документы нужны в [Кабо-Верде](country)
    - Какие документы нужны в [Казахстан](country)
    - Какие документы нужны в [Камбоджа](country)
    - Какие документы нужны в [Камерун](country)
    - Какие документы нужны в [Канада](country)
    - Какие документы нужны в [Катар](country)
    - Какие документы нужны в [Кения](country)
    - Какие документы нужны в [Кипр](country)
    - Какие документы нужны в [Киргизия](country)
    - Какие документы нужны в [Кирибати](country)
    - Какие документы нужны в [Китай](country)
    - Какие документы нужны в [Кокосовые (Килинг) острова](country)
    - Какие документы нужны в [Колумбия](country)
    - Какие документы нужны в [Коморы](country)
    - Какие документы нужны в [Конго](country)
    - Какие документы нужны в [Конго, Демократическая Республика](country)
    - Какие документы нужны в [Корея, Народно-Демократическая Республика](country)
    - Какие документы нужны в [Корея, Республика](country)
    - Какие документы нужны в [Коста-Рика](country)
    - Какие документы нужны в [Кот д'Ивуар](country)
    - Какие документы нужны в [Куба](country)
    - Какие документы нужны в [Кувейт](country)
    - Какие документы нужны в [Кюрасао](country)
    - Какие документы нужны в [Лаос](country)
    - Какие документы нужны в [Латвия](country)
    - Какие документы нужны в [Лесото](country)
    - Какие документы нужны в [Ливан](country)
    - Какие документы нужны в [Ливийская Арабская Джамахирия](country)
    - Какие документы нужны в [Либерия](country)
    - Какие документы нужны в [Лихтенштейн](country)
    - Какие документы нужны в [Литва](country)
    - Какие документы нужны в [Люксембург](country)
    - Какие документы нужны в [Маврикий](country)
    - Какие документы нужны в [Мавритания](country)
    - Какие документы нужны в [Мадагаскар](country)
    - Какие документы нужны в [Майотта](country)
    - Какие документы нужны в [Макао](country)
    - Какие документы нужны в [Малави](country)
    - Какие документы нужны в [Малайзия](country)
    - Какие документы нужны в [Мали](country)
    - Какие документы нужны в [Малые Тихоокеанские отдаленные острова Соединенных Штатов](country)
    - Какие документы нужны в [Мальдивы](country)
    - Какие документы нужны в [Мальта](country)
    - Какие документы нужны в [Марокко](country)
    - Какие документы нужны в [Мартиника](country)
    - Какие документы нужны в [Маршалловы острова](country)
    - Какие документы нужны в [Мексика](country)
    - Какие документы нужны в [Микронезия, Федеративные Штаты](country)
    - Какие документы нужны в [Мозамбик](country)
    - Какие документы нужны в [Молдова, Республика](country)
    - Какие документы нужны в [Монако](country)
    - Какие документы нужны в [Монголия](country)
    - Какие документы нужны в [Монтсеррат](country)
    - Какие документы нужны в [Мьянма](country)
    - Какие документы нужны в [Намибия](country)
    - Какие документы нужны в [Науру](country)
    - Какие документы нужны в [Непал](country)
    - Какие документы нужны в [Нигер](country)
    - Какие документы нужны в [Нигерия](country)
    - Какие документы нужны в [Нидерланды](country)
    - Какие документы нужны в [Никарагуа](country)
    - Какие документы нужны в [Ниуэ](country)
    - Какие документы нужны в [Новая Зеландия](country)
    - Какие документы нужны в [Новая Каледония](country)
    - Какие документы нужны в [Норвегия](country)
    - Какие документы нужны в [Объединенные Арабские Эмираты](country)
    - Какие документы нужны в [Оман](country)
    - Какие документы нужны в [Остров Буве](country)
    - Какие документы нужны в [Остров Мэн](country)
    - Какие документы нужны в [Остров Норфолк](country)
    - Какие документы нужны в [Остров Рождества](country)
    - Какие документы нужны в [Остров Херд и острова Макдональд](country)
    - Какие документы нужны в [Острова Кайман](country)
    - Какие документы нужны в [Острова Кука](country)
    - Какие документы нужны в [Острова Теркс и Кайкос](country)
    - Какие документы нужны в [Пакистан](country)
    - Какие документы нужны в [Палау](country)
    - Какие документы нужны в [Палестинская территория, оккупированная](country)
    - Какие документы нужны в [Панама](country)
    - Какие документы нужны в [Папский Престол (Государство &mdash; город Ватикан)](country)
    - Какие документы нужны в [Папуа-Новая Гвинея](country)
    - Какие документы нужны в [Парагвай](country)
    - Какие документы нужны в [Перу](country)
    - Какие документы нужны в [Питкерн](country)
    - Какие документы нужны в [Польша](country)
    - Какие документы нужны в [Португалия](country)
    - Какие документы нужны в [Пуэрто-Рико](country)
    - Какие документы нужны в [Республика Македония](country)
    - Какие документы нужны в [Реюньон](country)
    - Какие документы нужны в [Россия](country)
    - Какие документы нужны в [Руанда](country)
    - Какие документы нужны в [Румыния](country)
    - Какие документы нужны в [Самоа](country)
    - Какие документы нужны в [Сан-Марино](country)
    - Какие документы нужны в [Сан-Томе и Принсипи](country)
    - Какие документы нужны в [Саудовская Аравия](country)
    - Какие документы нужны в [Свазиленд](country)
    - Какие документы нужны в [Святая Елена, Остров вознесения, Тристан-да-Кунья](country)
    - Какие документы нужны в [Северные Марианские острова](country)
    - Какие документы нужны в [Сен-Бартельми](country)
    - Какие документы нужны в [Сен-Мартен](country)
    - Какие документы нужны в [Сенегал](country)
    - Какие документы нужны в [Сент-Винсент и Гренадины](country)
    - Какие документы нужны в [Сент-Китс и Невис](country)
    - Какие документы нужны в [Сент-Люсия](country)
    - Какие документы нужны в [Сент-Пьер и Микелон](country)
    - Какие документы нужны в [Сербия](country)
    - Какие документы нужны в [Сейшелы](country)
    - Какие документы нужны в [Сингапур](country)
    - Какие документы нужны в [Синт-Мартен](country)
    - Какие документы нужны в [Сирийская Арабская Республика](country)
    - Какие документы нужны в [Словакия](country)
    - Какие документы нужны в [Словения](country)
    - Какие документы нужны в [Соединенное Королевство](country)
    - Какие документы нужны в [Соединенные Штаты](country)
    - Какие документы нужны в [Соломоновы острова](country)
    - Какие документы нужны в [Сомали](country)
    - Какие документы нужны в [Судан](country)
    - Какие документы нужны в [Суринам](country)
    - Какие документы нужны в [Сьерра-Леоне](country)
    - Какие документы нужны в [Таджикистан](country)
    - Какие документы нужны в [Таиланд](country)
    - Какие документы нужны в [Тайвань (Китай)](country)
    - Какие документы нужны в [Танзания, Объединенная Республика](country)
    - Какие документы нужны в [Тимор-Лесте](country)
    - Какие документы нужны в [Того](country)
    - Какие документы нужны в [Токелау](country)
    - Какие документы нужны в [Тонга](country)
    - Какие документы нужны в [Тринидад и Тобаго](country)
    - Какие документы нужны в [Тувалу](country)
    - Какие документы нужны в [Тунис](country)
    - Какие документы нужны в [Туркмения](country)
    - Какие документы нужны в [Турция](country)
    - Какие документы нужны в [Уганда](country)
    - Какие документы нужны в [Узбекистан](country)
    - Какие документы нужны в [Украина](country)
    - Какие документы нужны в [Уоллис и Футуна](country)
    - Какие документы нужны в [Уругвай](country)
    - Какие документы нужны в [Фарерские острова](country)
    - Какие документы нужны в [Фиджи](country)
    - Какие документы нужны в [Филиппины](country)
    - Какие документы нужны в [Финляндия](country)
    - Какие документы нужны в [Фолклендские острова](country)
    - Какие документы нужны в [Франция](country)
    - Какие документы нужны в [Французская Гвиана](country)
    - Какие документы нужны в [Французская Полинезия](country)
    - Какие документы нужны в [Французские Южные территории](country)
    - Какие документы нужны в [Хорватия](country)
    - Какие документы нужны в [Центрально-Африканская Республика](country)
    - Какие документы нужны в [Чад](country)
    - Какие документы нужны в [Черногория](country)
    - Какие документы нужны в [Чешская Республика](country)
    - Какие документы нужны в [Чили](country)
    - Какие документы нужны в [Швейцария](country)
    - Какие документы нужны в [Швеция](country)
    - Какие документы нужны в [Шпицберген и Ян Майен](country)
    - Какие документы нужны в [Шри-Ланка](country)
    - Какие документы нужны в [Эквадор](country)
    - Какие документы нужны в [Экваториальная Гвинея](country)
    - Какие документы нужны в [Эландские острова](country)
    - Какие документы нужны в [Эль-Сальвадор](country)
    - Какие документы нужны в [Эритрея](country)
    - Какие документы нужны в [Эстония](country)
    - Какие документы нужны в [Эфиопия](country)
    - Какие документы нужны в [Южная Африка](country)
    - Какие документы нужны в [Южная Джорджия и Южные Сандвичевы острова](country)
    - Какие документы нужны в [Южная Осетия](country)
    - Какие документы нужны в [Южный Судан](country)
    - Какие документы нужны в [Ямайка](country)
    - Какие документы нужны в [Япония](country)


- intent: general_request
  examples: |
    - Хочу поехать в [египет](country)
    - Хочу поехать в [Абхазию](country)
    - Хочу поехать в [Австралия](country)
    - Хочу поехать в [Азербайджан](country)
    - Хочу поехать в [Албания](country)
    - Хочу поехать в [Алжир](country)
    - Хочу поехать в [Ангилья](country)
    - Хочу поехать в [Андорра](country)
    - Хочу поехать в [Гаити](country)
    - Хочу поехать в [Бельгия](country)
    - Хочу поехать в [Греция](country)
    - как попасть в [Нидерланды](country)
    - [Абхазия](country)
    - [Австралия](country)
    - [Австрия](country)
    - [Азербайджан](country)
    - [Албания](country)
    - [Алжир](country)
    - [Американское Самоа](country)
    - [Ангилья](country)
    - [Ангола](country)
    - [Андорра](country)
    - [Антарктида](country)
    - [Антигуа и Барбуда](country)
    - [Аргентина](country)
    - [Армения](country)
    - [Аруба](country)
    - [Афганистан](country)
    - [Багамы](country)
    - [Бангладеш](country)
    - [Барбадос](country)
    - [Бахрейн](country)
    - [Беларусь](country)
    - [Белиз](country)
    - [Бельгия](country)
    - [Бенин](country)
    - [Бермуды](country)
    - [Болгария](country)
    - [Боливия, Многонациональное Государство](country)
    - [Бонайре, Саба и Синт-Эстатиус](country)
    - [Босния и Герцеговина](country)
    - [Ботсвана](country)
    - [Бразилия](country)
    - [Британская территория в Индийском океане](country)
    - [Бруней-Даруссалам](country)
    - [Буркина-Фасо](country)
    - [Бурунди](country)
    - [Бутан](country)
    - [Вануату](country)
    - [Венгрия](country)
    - [Венесуэла Боливарианская Республика](country)
    - [Виргинские острова, Британские](country)
    - [Виргинские острова, США](country)
    - [Вьетнам](country)
    - [Габон](country)
    - [Гаити](country)
    - [Гайана](country)
    - [Гамбия](country)
    - [Гана](country)
    - [Гваделупа](country)
    - [Гватемала](country)
    - [Гвинея](country)
    - [Гвинея-Бисау](country)
    - [Германия](country)
    - [Гернси](country)
    - [Гибралтар](country)
    - [Гондурас](country)
    - [Гонконг](country)
    - [Гренада](country)
    - [Гренландия](country)
    - [Греция](country)
    - [Грузия](country)
    - [Гуам](country)
    - [Дания](country)
    - [Джерси](country)
    - [Джибути](country)
    - [Доминика](country)
    - [Доминиканская Республика](country)
    - [Египет](country)
    - [Замбия](country)
    - [Западная Сахара](country)
    - [Зимбабве](country)
    - [Израиль](country)
    - [Индия](country)
    - [Индонезия](country)
    - [Иордания](country)
    - [Ирак](country)
    - [Иран, Исламская Республика](country)
    - [Ирландия](country)
    - [Исландия](country)
    - [Испания](country)
    - [Италия](country)
    - [Йемен](country)
    - [Кабо-Верде](country)
    - [Казахстан](country)
    - [Камбоджа](country)
    - [Камерун](country)
    - [Канада](country)
    - [Катар](country)
    - [Кения](country)
    - [Кипр](country)
    - [Киргизия](country)
    - [Кирибати](country)
    - [Китай](country)
    - [Кокосовые (Килинг) острова](country)
    - [Колумбия](country)
    - [Коморы](country)
    - [Конго](country)
    - [Конго, Демократическая Республика](country)
    - [Корея, Народно-Демократическая Республика](country)
    - [Корея, Республика](country)
    - [Коста-Рика](country)
    - [Кот д'Ивуар](country)
    - [Куба](country)
    - [Кувейт](country)
    - [Кюрасао](country)
    - [Лаос](country)
    - [Латвия](country)
    - [Лесото](country)
    - [Ливан](country)
    - [Ливийская Арабская Джамахирия](country)
    - [Либерия](country)
    - [Лихтенштейн](country)
    - [Литва](country)
    - [Люксембург](country)
    - [Маврикий](country)
    - [Мавритания](country)
    - [Мадагаскар](country)
    - [Майотта](country)
    - [Макао](country)
    - [Малави](country)
    - [Малайзия](country)
    - [Мали](country)
    - [Малые Тихоокеанские отдаленные острова Соединенных Штатов](country)
    - [Мальдивы](country)
    - [Мальта](country)
    - [Марокко](country)
    - [Мартиника](country)
    - [Маршалловы острова](country)
    - [Мексика](country)
    - [Микронезия, Федеративные Штаты](country)
    - [Мозамбик](country)
    - [Молдова, Республика](country)
    - [Монако](country)
    - [Монголия](country)
    - [Монтсеррат](country)
    - [Мьянма](country)
    - [Намибия](country)
    - [Науру](country)
    - [Непал](country)
    - [Нигер](country)
    - [Нигерия](country)
    - [Нидерланды](country)
    - [Никарагуа](country)
    - [Ниуэ](country)
    - [Новая Зеландия](country)
    - [Новая Каледония](country)
    - [Норвегия](country)
    - [Объединенные Арабские Эмираты](country)
    - [Оман](country)
    - [Остров Буве](country)
    - [Остров Мэн](country)
    - [Остров Норфолк](country)
    - [Остров Рождества](country)
    - [Остров Херд и острова Макдональд](country)
    - [Острова Кайман](country)
    - [Острова Кука](country)
    - [Острова Теркс и Кайкос](country)
    - [Пакистан](country)
    - [Палау](country)
    - [Палестинская территория, оккупированная](country)
    - [Панама](country)
    - [Папский Престол](country)
    - [Папуа-Новая Гвинея](country)
    - [Парагвай](country)
    - [Перу](country)
    - [Питкерн](country)
    - [Польша](country)
    - [Португалия](country)
    - [Пуэрто-Рико](country)
    - [Республика Македония](country)
    - [Реюньон](country)
    - [Россия](country)
    - [Руанда](country)
    - [Румыния](country)
    - [Самоа](country)
    - [Сан-Марино](country)
    - [Сан-Томе и Принсипи](country)
    - [Саудовская Аравия](country)
    - [Свазиленд](country)
    - [Святая Елена, Остров вознесения, Тристан-да-Кунья](country)
    - [Северные Марианские острова](country)
    - [Сен-Бартельми](country)
    - [Сен-Мартен](country)
    - [Сенегал](country)
    - [Сент-Винсент и Гренадины](country)
    - [Сент-Китс и Невис](country)
    - [Сент-Люсия](country)
    - [Сент-Пьер и Микелон](country)
    - [Сербия](country)
    - [Сейшелы](country)
    - [Сингапур](country)
    - [Синт-Мартен](country)
    - [Сирийская Арабская Республика](country)
    - [Словакия](country)
    - [Словения](country)
    - [Соединенное Королевство](country)
    - [Соединенные Штаты](country)
    - [Соломоновы острова](country)
    - [Сомали](country)
    - [Судан](country)
    - [Суринам](country)
    - [Сьерра-Леоне](country)
    - [Таджикистан](country)
    - [Таиланд](country)
    - [Тайвань (Китай)](country)
    - [Танзания, Объединенная Республика](country)
    - [Тимор-Лесте](country)
    - [Того](country)
    - [Токелау](country)
    - [Тонга](country)
    - [Тринидад и Тобаго](country)
    - [Тувалу](country)
    - [Тунис](country)
    - [Туркмения](country)
    - [Турция](country)
    - [Уганда](country)
    - [Узбекистан](country)
    - [Украина](country)
    - [Уоллис и Футуна](country)
    - [Уругвай](country)
    - [Фарерские острова](country)
    - [Фиджи](country)
    - [Филиппины](country)
    - [Финляндия](country)
    - [Фолклендские острова (Мальвинские)](country)
    - [Франция](country)
    - [Французская Гвиана](country)
    - [Французская Полинезия](country)
    - [Французские Южные территории](country)
    - [Хорватия](country)
    - [Центрально-Африканская Республика](country)
    - [Чад](country)
    - [Черногория](country)
    - [Чешская Республика](country)
    - [Чили](country)
    - [Швейцария](country)
    - [Швеция](country)
    - [Шпицберген и Ян Майен](country)
    - [Шри-Ланка](country)
    - [Эквадор](country)
    - [Экваториальная Гвинея](country)
    - [Эландские острова](country)
    - [Эль-Сальвадор](country)
    - [Эритрея](country)
    - [Эстония](country)
    - [Эфиопия](country)
    - [Южная Африка](country)
    - [Южная Джорджия и Южные Сандвичевы острова](country)
    - [Южная Осетия](country)
    - [Южный Судан](country)
    - [Ямайка](country)
    - [Япония](country)
    - Хочу поехать в [Абхазия](country)
    - Хочу поехать в [Австралия](country)
    - Хочу поехать в [Австрия](country)
    - Хочу поехать в [Азербайджан](country)
    - Хочу поехать в [Албания](country)
    - Хочу поехать в [Алжир](country)
    - Хочу поехать в [Американское Самоа](country)
    - Хочу поехать в [Ангилья](country)
    - Хочу поехать в [Ангола](country)
    - Хочу поехать в [Андорра](country)
    - Хочу поехать в [Антарктида](country)
    - Хочу поехать в [Антигуа и Барбуда](country)
    - Хочу поехать в [Аргентина](country)
    - Хочу поехать в [Армения](country)
    - Хочу поехать в [Аруба](country)
    - Хочу поехать в [Афганистан](country)
    - Хочу поехать в [Багамы](country)
    - Хочу поехать в [Бангладеш](country)
    - Хочу поехать в [Барбадос](country)
    - Хочу поехать в [Бахрейн](country)
    - Хочу поехать в [Беларусь](country)
    - Хочу поехать в [Белиз](country)
    - Хочу поехать в [Бельгия](country)
    - Хочу поехать в [Бенин](country)
    - Хочу поехать в [Бермуды](country)
    - Хочу поехать в [Болгария](country)
    - Хочу поехать в [Боливия, Многонациональное Государство](country)
    - Хочу поехать в [Бонайре, Саба и Синт-Эстатиус](country)
    - Хочу поехать в [Босния и Герцеговина](country)
    - Хочу поехать в [Ботсвана](country)
    - Хочу поехать в [Бразилия](country)
    - Хочу поехать в [Британская территория в [Индийском океане](country)
    - Хочу поехать в [Бруней-Даруссалам](country)
    - Хочу поехать в [Буркина-Фасо](country)
    - Хочу поехать в [Бурунди](country)
    - Хочу поехать в [Бутан](country)
    - Хочу поехать в [Вануату](country)
    - Хочу поехать в [Венгрия](country)
    - Хочу поехать в [Венесуэла Боливарианская Республика](country)
    - Хочу поехать в [Виргинские острова, Британские](country)
    - Хочу поехать в [Виргинские острова, США](country)
    - Хочу поехать в [Вьетнам](country)
    - Хочу поехать в [Габон](country)
    - Хочу поехать в [Гаити](country)
    - Хочу поехать в [Гайана](country)
    - Хочу поехать в [Гамбия](country)
    - Хочу поехать в [Гана](country)
    - Хочу поехать в [Гваделупа](country)
    - Хочу поехать в [Гватемала](country)
    - Хочу поехать в [Гвинея](country)
    - Хочу поехать в [Гвинея-Бисау](country)
    - Хочу поехать в [Германия](country)
    - Хочу поехать в [Гернси](country)
    - Хочу поехать в [Гибралтар](country)
    - Хочу поехать в [Гондурас](country)
    - Хочу поехать в [Гонконг](country)
    - Хочу поехать в [Гренада](country)
    - Хочу поехать в [Гренландия](country)
    - Хочу поехать в [Греция](country)
    - Хочу поехать в [Грузия](country)
    - Хочу поехать в [Гуам](country)
    - Хочу поехать в [Дания](country)
    - Хочу поехать в [Джерси](country)
    - Хочу поехать в [Джибути](country)
    - Хочу поехать в [Доминика](country)
    - Хочу поехать в [Доминиканская Республика](country)
    - Хочу поехать в [Египет](country)
    - Хочу поехать в [Замбия](country)
    - Хочу поехать в [Западная Сахара](country)
    - Хочу поехать в [Зимбабве](country)
    - Хочу поехать в [Израиль](country)
    - Хочу поехать в [Индия](country)
    - Хочу поехать в [Индонезия](country)
    - Хочу поехать в [Иордания](country)
    - Хочу поехать в [Ирак](country)
    - Хочу поехать в [Иран, Исламская Республика](country)
    - Хочу поехать в [Ирландия](country)
    - Хочу поехать в [Исландия](country)
    - Хочу поехать в [Испания](country)
    - Хочу поехать в [Италия](country)
    - Хочу поехать в [Йемен](country)
    - Хочу поехать в [Кабо-Верде](country)
    - Хочу поехать в [Казахстан](country)
    - Хочу поехать в [Камбоджа](country)
    - Хочу поехать в [Камерун](country)
    - Хочу поехать в [Канада](country)
    - Хочу поехать в [Катар](country)
    - Хочу поехать в [Кения](country)
    - Хочу поехать в [Кипр](country)
    - Хочу поехать в [Киргизия](country)
    - Хочу поехать в [Кирибати](country)
    - Хочу поехать в [Китай](country)
    - Хочу поехать в [Кокосовые (Килинг) острова](country)
    - Хочу поехать в [Колумбия](country)
    - Хочу поехать в [Коморы](country)
    - Хочу поехать в [Конго](country)
    - Хочу поехать в [Конго, Демократическая Республика](country)
    - Хочу поехать в [Корея, Народно-Демократическая Республика](country)
    - Хочу поехать в [Корея, Республика](country)
    - Хочу поехать в [Коста-Рика](country)
    - Хочу поехать в [Кот д'Ивуар](country)
    - Хочу поехать в [Куба](country)
    - Хочу поехать в [Кувейт](country)
    - Хочу поехать в [Кюрасао](country)
    - Хочу поехать в [Лаос](country)
    - Хочу поехать в [Латвия](country)
    - Хочу поехать в [Лесото](country)
    - Хочу поехать в [Ливан](country)
    - Хочу поехать в [Ливийская Арабская Джамахирия](country)
    - Хочу поехать в [Либерия](country)
    - Хочу поехать в [Лихтенштейн](country)
    - Хочу поехать в [Литва](country)
    - Хочу поехать в [Люксембург](country)
    - Хочу поехать в [Маврикий](country)
    - Хочу поехать в [Мавритания](country)
    - Хочу поехать в [Мадагаскар](country)
    - Хочу поехать в [Майотта](country)
    - Хочу поехать в [Макао](country)
    - Хочу поехать в [Малави](country)
    - Хочу поехать в [Малайзия](country)
    - Хочу поехать в [Мали](country)
    - Хочу поехать в [Малые Тихоокеанские отдаленные острова Соединенных Штатов](country)
    - Хочу поехать в [Мальдивы](country)
    - Хочу поехать в [Мальта](country)
    - Хочу поехать в [Марокко](country)
    - Хочу поехать в [Мартиника](country)
    - Хочу поехать в [Маршалловы острова](country)
    - Хочу поехать в [Мексика](country)
    - Хочу поехать в [Микронезия, Федеративные Штаты](country)
    - Хочу поехать в [Мозамбик](country)
    - Хочу поехать в [Молдова, Республика](country)
    - Хочу поехать в [Монако](country)
    - Хочу поехать в [Монголия](country)
    - Хочу поехать в [Монтсеррат](country)
    - Хочу поехать в [Мьянма](country)
    - Хочу поехать в [Намибия](country)
    - Хочу поехать в [Науру](country)
    - Хочу поехать в [Непал](country)
    - Хочу поехать в [Нигер](country)
    - Хочу поехать в [Нигерия](country)
    - Хочу поехать в [Нидерланды](country)
    - Хочу поехать в [Никарагуа](country)
    - Хочу поехать в [Ниуэ](country)
    - Хочу поехать в [Новая Зеландия](country)
    - Хочу поехать в [Новая Каледония](country)
    - Хочу поехать в [Норвегия](country)
    - Хочу поехать в [Объединенные Арабские Эмираты](country)
    - Хочу поехать в [Оман](country)
    - Хочу поехать в [Остров Буве](country)
    - Хочу поехать в [Остров Мэн](country)
    - Хочу поехать в [Остров Норфолк](country)
    - Хочу поехать в [Остров Рождества](country)
    - Хочу поехать в [Остров Херд и острова Макдональд](country)
    - Хочу поехать в [Острова Кайман](country)
    - Хочу поехать в [Острова Кука](country)
    - Хочу поехать в [Острова Теркс и Кайкос](country)
    - Хочу поехать в [Пакистан](country)
    - Хочу поехать в [Палау](country)
    - Хочу поехать в [Палестинская территория, оккупированная](country)
    - Хочу поехать в [Панама](country)
    - Хочу поехать в [Папский Престол](country)
    - Хочу поехать в [Папуа-Новая Гвинея](country)
    - Хочу поехать в [Парагвай](country)
    - Хочу поехать в [Перу](country)
    - Хочу поехать в [Питкерн](country)
    - Хочу поехать в [Польша](country)
    - Хочу поехать в [Португалия](country)
    - Хочу поехать в [Пуэрто-Рико](country)
    - Хочу поехать в [Республика Македония](country)
    - Хочу поехать в [Реюньон](country)
    - Хочу поехать в [Россия](country)
    - Хочу поехать в [Руанда](country)
    - Хочу поехать в [Румыния](country)
    - Хочу поехать в [Самоа](country)
    - Хочу поехать в [Сан-Марино](country)
    - Хочу поехать в [Сан-Томе и Принсипи](country)
    - Хочу поехать в [Саудовская Аравия](country)
    - Хочу поехать в [Свазиленд](country)
    - Хочу поехать в [Святая Елена, Остров вознесения, Тристан-да-Кунья](country)
    - Хочу поехать в [Северные Марианские острова](country)
    - Хочу поехать в [Сен-Бартельми](country)
    - Хочу поехать в [Сен-Мартен](country)
    - Хочу поехать в [Сенегал](country)
    - Хочу поехать в [Сент-Винсент и Гренадины](country)
    - Хочу поехать в [Сент-Китс и Невис](country)
    - Хочу поехать в [Сент-Люсия](country)
    - Хочу поехать в [Сент-Пьер и Микелон](country)
    - Хочу поехать в [Сербия](country)
    - Хочу поехать в [Сейшелы](country)
    - Хочу поехать в [Сингапур](country)
    - Хочу поехать в [Синт-Мартен](country)
    - Хочу поехать в [Сирийская Арабская Республика](country)
    - Хочу поехать в [Словакия](country)
    - Хочу поехать в [Словения](country)
    - Хочу поехать в [Соединенное Королевство](country)
    - Хочу поехать в [Соединенные Штаты](country)
    - Хочу поехать в [Соломоновы острова](country)
    - Хочу поехать в [Сомали](country)
    - Хочу поехать в [Судан](country)
    - Хочу поехать в [Суринам](country)
    - Хочу поехать в [Сьерра-Леоне](country)
    - Хочу поехать в [Таджикистан](country)
    - Хочу поехать в [Таиланд](country)
    - Хочу поехать в [Тайвань (Китай)](country)
    - Хочу поехать в [Танзания, Объединенная Республика](country)
    - Хочу поехать в [Тимор-Лесте](country)
    - Хочу поехать в [Того](country)
    - Хочу поехать в [Токелау](country)
    - Хочу поехать в [Тонга](country)
    - Хочу поехать в [Тринидад и Тобаго](country)
    - Хочу поехать в [Тувалу](country)
    - Хочу поехать в [Тунис](country)
    - Хочу поехать в [Туркмения](country)
    - Хочу поехать в [Турция](country)
    - Хочу поехать в [Уганда](country)
    - Хочу поехать в [Узбекистан](country)
    - Хочу поехать в [Украина](country)
    - Хочу поехать в [Уоллис и Футуна](country)
    - Хочу поехать в [Уругвай](country)
    - Хочу поехать в [Фарерские острова](country)
    - Хочу поехать в [Фиджи](country)
    - Хочу поехать в [Филиппины](country)
    - Хочу поехать в [Финляндия](country)
    - Хочу поехать в [Фолклендские острова (Мальвинские)](country)
    - Хочу поехать в [Франция](country)
    - Хочу поехать в [Французская Гвиана](country)
    - Хочу поехать в [Французская Полинезия](country)
    - Хочу поехать в [Французские Южные территории](country)
    - Хочу поехать в [Хорватия](country)
    - Хочу поехать в [Центрально-Африканская Республика](country)
    - Хочу поехать в [Чад](country)
    - Хочу поехать в [Черногория](country)
    - Хочу поехать в [Чешская Республика](country)
    - Хочу поехать в [Чили](country)
    - Хочу поехать в [Швейцария](country)
    - Хочу поехать в [Швеция](country)
    - Хочу поехать в [Шпицберген и Ян Майен](country)
    - Хочу поехать в [Шри-Ланка](country)
    - Хочу поехать в [Эквадор](country)
    - Хочу поехать в [Экваториальная Гвинея](country)
    - Хочу поехать в [Эландские острова](country)
    - Хочу поехать в [Эль-Сальвадор](country)
    - Хочу поехать в [Эритрея](country)
    - Хочу поехать в [Эстония](country)
    - Хочу поехать в [Эфиопия](country)
    - Хочу поехать в [Южная Африка](country)
    - Хочу поехать в [Южная Джорджия и Южные Сандвичевы острова](country)
    - Хочу поехать в [Южная Осетия](country)
    - Хочу поехать в [Южный Судан](country)
    - Хочу поехать в [Ямайка](country)
    - Хочу поехать в [Япония](country)

- intent: without_visa
  examples: |
    - Куда можно поехать без визы?
    - где не нужда виза
    - для русских без визы
    - куда не нужна виза
    - безвизовый въезд
    - без визы

- intent: again
  examples: |
    - еще
    - куда еще
    - больше

- lookup: country
  examples: |
    - Абхазия
    - Австралия
    - Австрия
    - Азербайджан
    - Албания
    - Алжир
    - Американское Самоа
    - Ангилья
    - Ангола
    - Андорра
    - Антарктида
    - Антигуа и Барбуда
    - Аргентина
    - Армения
    - Аруба
    - Афганистан
    - Багамы
    - Бангладеш
    - Барбадос
    - Бахрейн
    - Беларусь
    - Белиз
    - Бельгия
    - Бенин
    - Бермуды
    - Болгария
    - Боливия, Многонациональное Государство
    - Бонайре, Саба и Синт-Эстатиус
    - Босния и Герцеговина
    - Ботсвана
    - Бразилия
    - Британская территория в Индийском океане
    - Бруней-Даруссалам
    - Буркина-Фасо
    - Бурунди
    - Бутан
    - Вануату
    - Венгрия
    - Венесуэла Боливарианская Республика
    - Виргинские острова, Британские
    - Виргинские острова, США
    - Вьетнам
    - Габон
    - Гаити
    - Гайана
    - Гамбия
    - Гана
    - Гваделупа
    - Гватемала
    - Гвинея
    - Гвинея-Бисау
    - Германия
    - Гернси
    - Гибралтар
    - Гондурас
    - Гонконг
    - Гренада
    - Гренландия
    - Греция
    - Грузия
    - Гуам
    - Дания
    - Джерси
    - Джибути
    - Доминика
    - Доминиканская Республика
    - Египет
    - Замбия
    - Западная Сахара
    - Зимбабве
    - Израиль
    - Индия
    - Индонезия
    - Иордания
    - Ирак
    - Иран, Исламская Республика
    - Ирландия
    - Исландия
    - Испания
    - Италия
    - Йемен
    - Кабо-Верде
    - Казахстан
    - Камбоджа
    - Камерун
    - Канада
    - Катар
    - Кения
    - Кипр
    - Киргизия
    - Кирибати
    - Китай
    - Кокосовые (Килинг) острова
    - Колумбия
    - Коморы
    - Конго
    - Конго, Демократическая Республика
    - Корея, Народно-Демократическая Республика
    - Корея, Республика
    - Коста-Рика
    - Кот д'Ивуар
    - Куба
    - Кувейт
    - Кюрасао
    - Лаос
    - Латвия
    - Лесото
    - Ливан
    - Ливийская Арабская Джамахирия
    - Либерия
    - Лихтенштейн
    - Литва
    - Люксембург
    - Маврикий
    - Мавритания
    - Мадагаскар
    - Майотта
    - Макао
    - Малави
    - Малайзия
    - Мали
    - Малые Тихоокеанские отдаленные острова Соединенных Штатов
    - Мальдивы
    - Мальта
    - Марокко
    - Мартиника
    - Маршалловы острова
    - Мексика
    - Микронезия, Федеративные Штаты
    - Мозамбик
    - Молдова, Республика
    - Монако
    - Монголия
    - Монтсеррат
    - Мьянма
    - Намибия
    - Науру
    - Непал
    - Нигер
    - Нигерия
    - Нидерланды
    - Никарагуа
    - Ниуэ
    - Новая Зеландия
    - Новая Каледония
    - Норвегия
    - Объединенные Арабские Эмираты
    - Оман
    - Остров Буве
    - Остров Мэн
    - Остров Норфолк
    - Остров Рождества
    - Остров Херд и острова Макдональд
    - Острова Кайман
    - Острова Кука
    - Острова Теркс и Кайкос
    - Пакистан
    - Палау
    - Палестинская территория, оккупированная
    - Панама
    - Папский Престол (Государство &mdash; город Ватикан)
    - Папуа-Новая Гвинея
    - Парагвай
    - Перу
    - Питкерн
    - Польша
    - Португалия
    - Пуэрто-Рико
    - Республика Македония
    - Реюньон
    - Россия
    - Руанда
    - Румыния
    - Самоа
    - Сан-Марино
    - Сан-Томе и Принсипи
    - Саудовская Аравия
    - Свазиленд
    - Святая Елена, Остров вознесения, Тристан-да-Кунья
    - Северные Марианские острова
    - Сен-Бартельми
    - Сен-Мартен
    - Сенегал
    - Сент-Винсент и Гренадины
    - Сент-Китс и Невис
    - Сент-Люсия
    - Сент-Пьер и Микелон
    - Сербия
    - Сейшелы
    - Сингапур
    - Синт-Мартен
    - Сирийская Арабская Республика
    - Словакия
    - Словения
    - Соединенное Королевство
    - Соединенные Штаты
    - Соломоновы острова
    - Сомали
    - Судан
    - Суринам
    - Сьерра-Леоне
    - Таджикистан
    - Таиланд
    - Тайвань (Китай)
    - Танзания, Объединенная Республика
    - Тимор-Лесте
    - Того
    - Токелау
    - Тонга
    - Тринидад и Тобаго
    - Тувалу
    - Тунис
    - Туркмения
    - Турция
    - Уганда
    - Узбекистан
    - Украина
    - Уоллис и Футуна
    - Уругвай
    - Фарерские острова
    - Фиджи
    - Филиппины
    - Финляндия
    - Фолклендские острова (Мальвинские)
    - Франция
    - Французская Гвиана
    - Французская Полинезия
    - Французские Южные территории
    - Хорватия
    - Центрально-Африканская Республика
    - Чад
    - Черногория
    - Чешская Республика
    - Чили
    - Швейцария
    - Швеция
    - Шпицберген и Ян Майен
    - Шри-Ланка
    - Эквадор
    - Экваториальная Гвинея
    - Эландские острова
    - Эль-Сальвадор
    - Эритрея
    - Эстония
    - Эфиопия
    - Южная Африка
    - Южная Джорджия и Южные Сандвичевы острова
    - Южная Осетия
    - Южный Судан
    - Ямайка
    - Япония